funding_year,num_districts_meeting1m,num_districts_total,pcent_districts_meeting1m,num_districts_meeting1m_tiny,num_districts_tiny_sample,num_districts_tiny_population,num_students_meeting1m_tiny,num_students_tiny_sample,num_students_tiny_population,num_districts_meeting1m_tiny_extrapolated,num_students_meeting1m_tiny_extrapolated,pcent_districts_meeting1m_tiny,ia_bw_per_student_kbps_tiny_meeting1m_wavg,ia_bw_per_student_kbps_tiny_meeting1m_median,num_districts_on_fiber_tiny_meeting1m,pcent_districts_on_fiber_tiny_meeting1m
2015.0,895,10069,0.08888668189492502,296,1212,1735,54461,346963,473749,423.72937293729376,74361.94720762732,0.24422442244224424,2759.4994583279777,2227.1825396825398,262.0,0.8851351351351351
2017.0,2676,12072,0.2216699801192843,599,1581,1845,114388,445772,501938,699.022770398482,128800.56159651121,0.3788741302972802,2878.806343322726,2500.0,511.0,0.8530884808013356
2018.0,3586,12575,0.285168986083499,803,1673,1826,169529,482702,507633,876.436341900777,178284.97677034693,0.47997609085475196,3335.8422452795685,2564.102564102564,702.0,0.8742216687422167
2019.0,4785,12465,0.3838748495788207,974,1699,1831,217155,494869,511888,1049.6727486756915,224623.1601494537,0.5732783990582696,3963.652690474546,2798.0757520399466,874.0,0.8973305954825462
