state_code,funding_year,ia_bandwidth_per_student_kbps
WI,2015,200.0
WI,2016,272.1844824771783
WI,2017,595.9475566150179
WI,2018,859.106529209622
WI,2019,1026.138511732302
