funding_year,ia_bandwidth_per_student_kbps
2015,252.5890376357666
2016,312.5
2017,409.8360655737705
2018,524.1090146750524
2019,675.9040216289287
