,funding_year,sample_count,median_cost_inc_needed_per_student,median_oop_cost_inc_needed_per_student
0,2019,2521,2.3926011309264898,0.71462768615692155000
1,2018,3464,2.2846831106543337,0.67807786558892951250
