,percent_meeting_1mbps,number_meeting_1mpbs,percent_clean,number_clean
0,0.20447609359104781282,201,0.98300000000000000000,983
