,funding_year,sample_count,median_perc_cost_inc_needed,median_oop_cost_inc_needed
0,2019,2521,3.3483574169401095114055,1231.4190000000000000
1,2018,3464,2.75000000000000000000,1122.0780000000000000
