,districts_p,districts,students_p,students
0,0.09838073207239080147,1280,0.02666983009514102742,1210333
