,median_added,mean_added,median_saved,mean_saved
0,0.8015018938924331945371,4.12853778003791213932051968316359,-0.6580888594775884791384,-1.98570850874481378471136611365506
