,funding_year,c2_spend,budget,perc_c2_spend
0,2018,3940811492.74,7375408586.25,0.53431771903279618118
1,2019,4906123517.14,7396022662.65,0.66334619847989116005
