,median_cost_per_mbps,weighted_avg_cost_mbps
0,1.3847600000000000000000,0.872504498534757534189029831451025
