,metric,avg_value,median_value
0,avg. distance to closest peer,126.8265939524632516,29.6991308513614277
1,avg # peers,32.4186046511627907,16.0000000000000000
