,metric,avg_value,median_value
0,avg. distance to closest peer,76.1227785437644768,24.0424774074496378
1,avg # peers,25.5769230769230769,20.0000000000000000
