,has_same_sp_peer_deal,num_districts,pct_districts
0,False,28,0.43076923076923076923
1,True,37,0.56923076923076923077
