,funding_year,wan_cost,wan_funding
0,2018,1336300072.61078581303494360000,964549214.4119079156007473600000000000000000000000
1,2019,1188439429.25575443616548519264,859607663.2776039513780797031600000000000000000000
