,no_peer,num_districts,pct_districts,num_students,pct_students
0,False,26,0.76470588235294117647,487514,0.73645490608392474629
1,True,8,0.23529411764705882353,174460,0.26354509391607525371
