,pct_students_meeting_100k,pct_students_meeting_100k_given_63_largest_meet
0,0.98302105868739213083,0.99750148200485178858
