,funding_year,pre_discount_eligible_amount,commitment_amount_request
0,2018,673175502.62184925302979467606265909,505819020.5666168221419726050548744168
1,2019,605954261.85449100763889840395810840,461794021.7800497633710167442421744688
