,status,pct_districts_switched,sample
0,no upgrade,0.08408478744583674903,8539
1,overall,0.12452635204960385808,11612
2,upgrade,0.23690205011389521640,3073
