,meeting_2014_goal_no_oversub,wt_avg_ia_annual_oop_per_student
0,False,1.367983792014719723130182
1,True,3.1332232062753012157962465435
