,no_peer,num_districts,pct_districts
0,False,56,0.82352941176470588235
1,True,12,0.17647058823529411765
