,funding_year,category_of_spend,pre_discount_eligible_amount,commitment_amount_request
0,2019,Broadband,1388723990.49139016696627060959950840,1064051639.3572187070185703836228534688
1,2019,Cat 2,1166486981.73,828579950.21
2,2019,Special Construction,184625511.88,155108289.38
