districts,percent
1287,0.8099433606041535
302,0.19005663939584644
