funding_year,best_deal,districts_percent,extrap_districts,students_percent,extrap_students_million
2019,False,0.603728679095597,1625.0,0.5117377021511544,5.73
2019,True,0.39627132090440303,1067.0,0.48826229784884556,5.47
