,percent_meeting_1mbps,actual_meeting_1mpbs,extrap_meeting_1mpbs,percent_clean,number_clean
0,0.23340040241448692153,232,233.40040241448692153000,0.99400000000000000000,994
