Pct of districts served by 650,Pct total IA erate $ from 650
0.6365987460815047,0.5302531436487145350196836990
