,subgroup,purpose,median_monthly_cost_per_mbps
0,KY,isp,4.0000000000000000
1,National,isp,0.89240200000000000000
2,WV,isp,3.9093221428571429
