,pct_districts,districts,million_students
0,0.22404371584699453552,374,1.2271505486974951498650
